Time,Operator,Production Order,Material #,Quantity,Serial #,Leak Rate,Inlet Pressure,He_Flow_Rate
2021-07-30 15:05:53.754858+00:00,Gregg Davis,544534,342,1,,3.869107284013109e-06,101.93517537316075,0
2021-07-30 15:05:53.845378+00:00,Gregg Davis,544534,342,1,,3.67428757373208e-06,100.78898745548555,0
2021-07-30 15:05:53.934714+00:00,Gregg Davis,544534,342,1,,3.496133492719767e-06,99.72059397677924,0
2021-07-30 15:05:54.022682+00:00,Gregg Davis,544534,342,1,,3.342656424440547e-06,98.75237529050325,0
2021-07-30 15:05:54.110491+00:00,Gregg Davis,544534,342,1,,3.1931976026801913e-06,97.79142402527741,0
2021-07-30 15:05:54.200888+00:00,Gregg Davis,544534,342,1,,3.0319501216630584e-06,96.82840815179874,0
2021-07-30 15:05:54.289600+00:00,Gregg Davis,544534,342,1,,2.899027006788582e-06,95.79288323647847,0
2021-07-30 15:05:54.376789+00:00,Gregg Davis,544534,342,1,,2.770000326455108e-06,94.85365165007308,0
2021-07-30 15:05:54.464040+00:00,Gregg Davis,544534,342,1,,2.6518512795951444e-06,93.92664254452478,0
2021-07-30 15:05:54.551554+00:00,Gregg Davis,544534,342,1,,2.534143954870231e-06,93.01020423323133,0
2021-07-30 15:05:54.638604+00:00,Gregg Davis,544534,342,1,,2.4269658914159045e-06,92.10805301104786,0
2021-07-30 15:05:54.725792+00:00,Gregg Davis,544534,342,1,,2.3279901350563903e-06,91.20160740369838,0
2021-07-30 15:05:54.812471+00:00,Gregg Davis,544534,342,1,,2.227643728751937e-06,90.29871292254387,0
2021-07-30 15:05:54.899509+00:00,Gregg Davis,544534,342,1,,2.1361495004387497e-06,89.43711060644719,0
2021-07-30 15:05:54.986881+00:00,Gregg Davis,544534,342,1,,2.0421804282449647e-06,88.5281048848641,0
2021-07-30 15:05:55.074206+00:00,Gregg Davis,544534,342,1,,1.9571481711753932e-06,87.65130705202616,0
2021-07-30 15:05:55.161506+00:00,Gregg Davis,544534,342,1,,1.881277332299378e-06,86.7355294153736,0
2021-07-30 15:05:55.248350+00:00,Gregg Davis,544534,342,1,,1.8053671209070762e-06,85.84700460765924,0
2021-07-30 15:05:55.335447+00:00,Gregg Davis,544534,342,1,,1.7304725905880826e-06,85.00745230770342,0
2021-07-30 15:05:55.422753+00:00,Gregg Davis,544534,342,1,,1.6589871000732223e-06,84.10984322367634,0
2021-07-30 15:05:55.509803+00:00,Gregg Davis,544534,342,1,,1.5867666559210923e-06,83.24791057025917,0
2021-07-30 15:05:55.596985+00:00,Gregg Davis,544534,342,1,,1.5238077204890126e-06,82.39663129542697,0
2021-07-30 15:05:55.684199+00:00,Gregg Davis,544534,342,1,,1.4641542335815063e-06,81.53370763004845,0
2021-07-30 15:05:55.771328+00:00,Gregg Davis,544534,342,1,,1.4057947900424758e-06,80.6923384748301,0
2021-07-30 15:05:55.858480+00:00,Gregg Davis,544534,342,1,,1.352567614736142e-06,79.84254571793998,0
2021-07-30 15:05:55.945606+00:00,Gregg Davis,544534,342,1,,1.3019964298941026e-06,79.0131512905884,0
2021-07-30 15:05:56.032731+00:00,Gregg Davis,544534,342,1,,1.2491411168099614e-06,78.18045349003219,0
2021-07-30 15:05:56.119940+00:00,Gregg Davis,544534,342,1,,1.2027760416359089e-06,77.37286132583118,0
2021-07-30 15:05:56.207039+00:00,Gregg Davis,544534,342,1,,1.1567994419558424e-06,76.54313656115914,0
2021-07-30 15:05:56.294253+00:00,Gregg Davis,544534,342,1,,1.1111325727371946e-06,75.75363036525346,0
2021-07-30 15:05:56.381544+00:00,Gregg Davis,544534,342,1,,1.0713917330622396e-06,74.95173651983038,0
2021-07-30 15:05:56.468765+00:00,Gregg Davis,544534,342,1,,1.0315619706241664e-06,74.12944434486873,0
2021-07-30 15:05:56.555841+00:00,Gregg Davis,544534,342,1,,9.927674428808758e-07,73.30665666392645,0
2021-07-30 15:05:56.642660+00:00,Gregg Davis,544534,342,1,,9.560429721739055e-07,72.51938024493386,0
2021-07-30 15:05:56.729986+00:00,Gregg Davis,544534,342,1,,9.216322928863925e-07,71.69105941387379,0
2021-07-30 15:05:56.816977+00:00,Gregg Davis,544534,342,1,,8.860714861518203e-07,70.92905379989661,0
2021-07-30 15:05:56.904423+00:00,Gregg Davis,544534,342,1,,8.540598367404301e-07,70.15449536774183,0
2021-07-30 15:05:56.991855+00:00,Gregg Davis,544534,342,1,,8.220591304257415e-07,69.35978635903882,0
2021-07-30 15:05:57.078952+00:00,Gregg Davis,544534,342,1,,7.918225003286711e-07,68.59018298669103,0
2021-07-30 15:05:57.165901+00:00,Gregg Davis,544534,342,1,,7.644189788171844e-07,67.7958868996386,0
2021-07-30 15:05:57.252920+00:00,Gregg Davis,544534,342,1,,7.370178823474983e-07,67.04461724857643,0
2021-07-30 15:05:57.340179+00:00,Gregg Davis,544534,342,1,,7.104004114447327e-07,66.3076346866243,0
2021-07-30 15:05:57.427496+00:00,Gregg Davis,544534,342,1,,6.855204544783526e-07,65.52861670064327,0
2021-07-30 15:05:57.514771+00:00,Gregg Davis,544534,342,1,,6.622516723318512e-07,64.82442011774705,0
2021-07-30 15:05:57.602415+00:00,Gregg Davis,544534,342,1,,6.390398865898723e-07,64.01674536921591,0
2021-07-30 15:05:57.689925+00:00,Gregg Davis,544534,342,1,,6.164100115420363e-07,63.322871827584116,0
2021-07-30 15:05:57.777332+00:00,Gregg Davis,544534,342,1,,5.960192103452331e-07,62.569620152599185,0
2021-07-30 15:05:57.864522+00:00,Gregg Davis,544534,342,1,,5.753826121539253e-07,61.85609154039991,0
2021-07-30 15:05:57.951478+00:00,Gregg Davis,544534,342,1,,5.54482161310516e-07,61.15685001731058,0
2021-07-30 15:05:58.038485+00:00,Gregg Davis,544534,342,1,,5.370187629457547e-07,60.4348978034395,0
2021-07-30 15:05:58.126216+00:00,Gregg Davis,544534,342,1,,5.197151045041966e-07,59.75060404410116,0
2021-07-30 15:05:58.213360+00:00,Gregg Davis,544534,342,1,,5.023079525912665e-07,59.014282156789925,0
2021-07-30 15:05:58.300589+00:00,Gregg Davis,544534,342,1,,4.860888787650939e-07,58.31264568812728,0
2021-07-30 15:05:58.387553+00:00,Gregg Davis,544534,342,1,,4.700188925003814e-07,57.61687270690287,0
2021-07-30 15:05:58.474679+00:00,Gregg Davis,544534,342,1,,4.541943282538289e-07,56.912428371016254,0
2021-07-30 15:05:58.562422+00:00,Gregg Davis,544534,342,1,,4.3861684609025717e-07,56.22516157579376,0
2021-07-30 15:05:58.649481+00:00,Gregg Davis,544534,342,1,,4.252004924277035e-07,55.55680659216773,0
2021-07-30 15:05:58.736542+00:00,Gregg Davis,544534,342,1,,4.1181113706202926e-07,54.88919486751272,0
2021-07-30 15:05:58.823287+00:00,Gregg Davis,544534,342,1,,3.983551858973851e-07,54.18747581451997,0
2021-07-30 15:05:58.910174+00:00,Gregg Davis,544534,342,1,,3.859049434985794e-07,53.52506690266227,0
2021-07-30 15:05:58.996916+00:00,Gregg Davis,544534,342,1,,3.7444240408449243e-07,52.87587148362305,0
2021-07-30 15:05:59.083756+00:00,Gregg Davis,544534,342,1,,3.6169962043144244e-07,52.198845145334886,0
2021-07-30 15:05:59.170939+00:00,Gregg Davis,544534,342,1,,3.4992427574990055e-07,51.52107554807567,0
2021-07-30 15:05:59.258218+00:00,Gregg Davis,544534,342,1,,3.396272696069e-07,50.87361439996888,0
2021-07-30 15:05:59.345565+00:00,Gregg Davis,544534,342,1,,3.291470557252393e-07,50.238871238699936,0
2021-07-30 15:05:59.433324+00:00,Gregg Davis,544534,342,1,,3.183690356299455e-07,49.522534759276716,0
2021-07-30 15:05:59.520799+00:00,Gregg Davis,544534,342,1,,3.087785537283454e-07,48.88770901367765,0
2021-07-30 15:05:59.608016+00:00,Gregg Davis,544534,342,1,,2.9934924855271135e-07,48.24883663590288,0
2021-07-30 15:05:59.695502+00:00,Gregg Davis,544534,342,1,,2.8982559932853816e-07,47.60294459006832,0
2021-07-30 15:05:59.782835+00:00,Gregg Davis,544534,342,1,,2.8104777805565507e-07,46.98306660822019,0
2021-07-30 15:05:59.869831+00:00,Gregg Davis,544534,342,1,,2.7253968534999227e-07,46.32173129265396,0
2021-07-30 15:05:59.957217+00:00,Gregg Davis,544534,342,1,,2.6392261643644544e-07,45.678977451363785,0
2021-07-30 15:06:00.044720+00:00,Gregg Davis,544534,342,1,,2.558402637916468e-07,44.99352751140383,0
2021-07-30 15:06:00.132077+00:00,Gregg Davis,544534,342,1,,2.475312379459652e-07,44.36745570479699,0
2021-07-30 15:06:00.219309+00:00,Gregg Davis,544534,342,1,,2.4021724527749056e-07,43.74311816912262,0
2021-07-30 15:06:00.306674+00:00,Gregg Davis,544534,342,1,,2.330259114249779e-07,43.11308231467025,0
2021-07-30 15:06:00.394377+00:00,Gregg Davis,544534,342,1,,2.2601074145960226e-07,42.471567238331815,0
2021-07-30 15:06:00.481672+00:00,Gregg Davis,544534,342,1,,2.1874227955975854e-07,41.84722970265741,0
2021-07-30 15:06:00.568911+00:00,Gregg Davis,544534,342,1,,2.1260916645201076e-07,41.233793298558304,0
2021-07-30 15:06:00.656177+00:00,Gregg Davis,544534,342,1,,2.0655884812135975e-07,40.60276643214456,0
2021-07-30 15:06:00.743856+00:00,Gregg Davis,544534,342,1,,2.0007925687032723e-07,40.006920490360045,0
2021-07-30 15:06:00.831027+00:00,Gregg Davis,544534,342,1,,1.939739323492719e-07,39.354421698116234,0
2021-07-30 15:06:00.918551+00:00,Gregg Davis,544534,342,1,,1.8882243231889398e-07,38.7440409142314,0
2021-07-30 15:06:01.006311+00:00,Gregg Davis,544534,342,1,,1.8359612450757973e-07,38.170905663228744,0
2021-07-30 15:06:01.095765+00:00,Gregg Davis,544534,342,1,,1.780146765993987e-07,37.535832164639295,0
2021-07-30 15:06:01.185044+00:00,Gregg Davis,544534,342,1,,1.7283821637163686e-07,36.92272609786064,0
2021-07-30 15:06:01.274048+00:00,Gregg Davis,544534,342,1,,1.678895035489301e-07,36.342075672817444,0
2021-07-30 15:06:01.363443+00:00,Gregg Davis,544534,342,1,,1.6289804342283128e-07,35.69775272925504,0
2021-07-30 15:06:01.452476+00:00,Gregg Davis,544534,342,1,,1.5818657813395108e-07,35.10686184727751,0
2021-07-30 15:06:01.541945+00:00,Gregg Davis,544534,342,1,,1.5335578243575146e-07,34.47170576435798,0
2021-07-30 15:06:01.631481+00:00,Gregg Davis,544534,342,1,,1.4898790797229524e-07,33.89460646550975,0
2021-07-30 15:06:01.719078+00:00,Gregg Davis,544534,342,1,,1.4500760905959534e-07,33.29776951176387,0
2021-07-30 15:06:01.806345+00:00,Gregg Davis,544534,342,1,,1.4065885838976174e-07,32.702419075960094,0
2021-07-30 15:06:01.893198+00:00,Gregg Davis,544534,342,1,,1.3676349081836323e-07,32.1591793524593,0
2021-07-30 15:06:01.980357+00:00,Gregg Davis,544534,342,1,,1.326711489736141e-07,31.583318818562795,0
2021-07-30 15:06:02.067106+00:00,Gregg Davis,544534,342,1,,1.2919376833556014e-07,31.026039758942336,0
2021-07-30 15:06:02.153701+00:00,Gregg Davis,544534,342,1,,1.2542480609120984e-07,30.513769159234872,0
2021-07-30 15:06:02.241243+00:00,Gregg Davis,544534,342,1,,1.2168917509362382e-07,29.934687836463887,0
2021-07-30 15:06:02.328811+00:00,Gregg Davis,544534,342,1,,1.1878385836833462e-07,29.384593613563474,0
2021-07-30 15:06:02.416379+00:00,Gregg Davis,544534,342,1,,1.1573571315302695e-07,28.820129717222947,0
2021-07-30 15:06:02.503853+00:00,Gregg Davis,544534,342,1,,1.1266319447525893e-07,28.24600345425888,0
2021-07-30 15:06:02.591725+00:00,Gregg Davis,544534,342,1,,1.0946490873119474e-07,27.699790694873908,0
2021-07-30 15:06:02.679694+00:00,Gregg Davis,544534,342,1,,1.0656063536723781e-07,27.14127287030169,0
2021-07-30 15:06:02.767325+00:00,Gregg Davis,544534,342,1,,1.0371379245327302e-07,26.5785432448936,0
2021-07-30 15:06:02.854894+00:00,Gregg Davis,544534,342,1,,1.0080061622378121e-07,26.00598608420172,0
2021-07-30 15:06:02.942467+00:00,Gregg Davis,544534,342,1,,9.798579628972594e-08,25.422527791934577,0
2021-07-30 15:06:03.029886+00:00,Gregg Davis,544534,342,1,,9.534037184689683e-08,24.892501561252274,0
2021-07-30 15:06:03.117221+00:00,Gregg Davis,544534,342,1,,9.287564857786046e-08,24.374945564417445,0
2021-07-30 15:06:03.204346+00:00,Gregg Davis,544534,342,1,,9.051323760470641e-08,23.844093490433977,0
2021-07-30 15:06:03.291752+00:00,Gregg Davis,544534,342,1,,8.8087834355264e-08,23.294329604854052,0
2021-07-30 15:06:03.378969+00:00,Gregg Davis,544534,342,1,,8.572575335396305e-08,22.774213493785606,0
2021-07-30 15:06:03.466388+00:00,Gregg Davis,544534,342,1,,8.361617393155678e-08,22.229322083682494,0
2021-07-30 15:06:03.553762+00:00,Gregg Davis,544534,342,1,,8.142929313551611e-08,21.690954835658513,0
2021-07-30 15:06:03.641367+00:00,Gregg Davis,544534,342,1,,7.934678700525818e-08,21.17207748954182,0
2021-07-30 15:06:03.728598+00:00,Gregg Davis,544534,342,1,,7.741354020934473e-08,20.661954082417385,0
2021-07-30 15:06:03.816076+00:00,Gregg Davis,544534,342,1,,7.537823363798638e-08,20.1477840431173,0
2021-07-30 15:06:03.903528+00:00,Gregg Davis,544534,342,1,,7.350792662167283e-08,19.61841848707592,0
2021-07-30 15:06:03.990829+00:00,Gregg Davis,544534,342,1,,7.170423415314547e-08,19.134226559607804,0
2021-07-30 15:06:04.077927+00:00,Gregg Davis,544534,342,1,,6.997703685910942e-08,18.598254257157173,0
2021-07-30 15:06:04.165096+00:00,Gregg Davis,544534,342,1,,6.806554982399446e-08,18.090195458285645,0
2021-07-30 15:06:04.252270+00:00,Gregg Davis,544534,342,1,,6.639982990181071e-08,17.578750701879347,0
2021-07-30 15:06:04.339584+00:00,Gregg Davis,544534,342,1,,6.476317814593364e-08,17.089603714604312,0
2021-07-30 15:06:04.426982+00:00,Gregg Davis,544534,342,1,,6.318551766873793e-08,16.569652772196108,0
2021-07-30 15:06:04.514112+00:00,Gregg Davis,544534,342,1,,6.15685296724213e-08,16.06390633456781,0
2021-07-30 15:06:04.602163+00:00,Gregg Davis,544534,342,1,,6.000543638547828e-08,15.583678454945234,0
2021-07-30 15:06:04.689316+00:00,Gregg Davis,544534,342,1,,5.86625898456267e-08,15.085282022697248,0
2021-07-30 15:06:04.776815+00:00,Gregg Davis,544534,342,1,,5.725115638241143e-08,14.596795710063114,0
2021-07-30 15:06:04.863999+00:00,Gregg Davis,544534,342,1,,5.5872132124741716e-08,14.114172884867205,0
2021-07-30 15:06:04.951922+00:00,Gregg Davis,544534,342,1,,5.4424269709556576e-08,13.624695560271698,0
2021-07-30 15:06:05.039583+00:00,Gregg Davis,544534,342,1,,5.311060125623515e-08,13.136952506608608,0
2021-07-30 15:06:05.127159+00:00,Gregg Davis,544534,342,1,,5.1900852570235115e-08,12.68042632972924,0
2021-07-30 15:06:05.214802+00:00,Gregg Davis,544534,342,1,,5.069110388423508e-08,12.191196758124063,0
2021-07-30 15:06:05.302014+00:00,Gregg Davis,544534,342,1,,4.9518252870636766e-08,11.709399776229318,0
2021-07-30 15:06:05.389629+00:00,Gregg Davis,544534,342,1,,4.829275517812385e-08,11.255351129253409,0
2021-07-30 15:06:05.477035+00:00,Gregg Davis,544534,342,1,,4.7220911062146455e-08,10.770663695804615,0
2021-07-30 15:06:05.564010+00:00,Gregg Davis,544534,342,1,,4.6130637339364245e-08,10.309347627778536,0
2021-07-30 15:06:05.651016+00:00,Gregg Davis,544534,342,1,,4.508885555758805e-08,9.83960795808067,0
2021-07-30 15:06:05.738617+00:00,Gregg Davis,544534,342,1,,4.402839245427676e-08,9.346909844610645,0
2021-07-30 15:06:05.825949+00:00,Gregg Davis,544534,342,1,,4.299217532146846e-08,8.877996018213926,0
2021-07-30 15:06:05.912883+00:00,Gregg Davis,544534,342,1,,4.2007102899197345e-08,8.42402995556814,0
2021-07-30 15:06:05.999830+00:00,Gregg Davis,544534,342,1,,4.106414238352627e-08,7.9689077123007355,0
2021-07-30 15:06:06.086852+00:00,Gregg Davis,544534,342,1,,4.0173018597863506e-08,7.499333211263096,0
2021-07-30 15:06:06.173710+00:00,Gregg Davis,544534,342,1,,3.923041805948414e-08,7.052964906987948,0
2021-07-30 15:06:06.260838+00:00,Gregg Davis,544534,342,1,,3.831913554548481e-08,6.608578626635601,0
2021-07-30 15:06:06.348006+00:00,Gregg Davis,544534,342,1,,3.742200781330144e-08,6.13066310825628,0
2021-07-30 15:06:06.435132+00:00,Gregg Davis,544534,342,1,,3.666983526224412e-08,5.6837992980004355,0
2021-07-30 15:06:06.521844+00:00,Gregg Davis,544534,342,1,,3.5889471989528684e-08,5.245937179727215,0
2021-07-30 15:06:06.608682+00:00,Gregg Davis,544534,342,1,,3.509414716062595e-08,4.781482907156737,0
2021-07-30 15:06:06.695682+00:00,Gregg Davis,544534,342,1,,3.4300082252244263e-08,4.337426964124841,0
2021-07-30 15:06:06.782389+00:00,Gregg Davis,544534,342,1,,3.352649105232936e-08,3.910796314747353,0
2021-07-30 15:06:06.869248+00:00,Gregg Davis,544534,342,1,,3.285141349227642e-08,3.4712825098718008,0
2021-07-30 15:06:06.956945+00:00,Gregg Davis,544534,342,1,,3.218531676133916e-08,3.0084799239036544,0
2021-07-30 15:06:07.043944+00:00,Gregg Davis,544534,342,1,,3.146483346124392e-08,2.5792065759624445,0
2021-07-30 15:06:07.130744+00:00,Gregg Davis,544534,342,1,,3.0828566098594786e-08,2.158026492372588,0
2021-07-30 15:06:07.218017+00:00,Gregg Davis,544534,342,1,,3.014165818047974e-08,1.72470651225573,0
2021-07-30 15:06:07.304889+00:00,Gregg Davis,544534,342,1,,2.952328592681551e-08,1.3165747528241254,0
2021-07-30 15:06:07.400190+00:00,Gregg Davis,544534,342,1,,2.8927261025570368e-08,0.6765461944277811,0
2021-07-30 15:06:07.486924+00:00,Gregg Davis,544534,342,1,,2.8318359436619227e-08,0.2636245438494659,0
2021-07-30 15:06:07.573245+00:00,Gregg Davis,544534,342,1,,2.771353759030757e-08,0.0009985696687537019,0
2021-07-30 15:06:07.660080+00:00,Gregg Davis,544534,342,1,,2.7099536323057015e-08,0.0009946577002628494,0
2021-07-30 15:06:07.746681+00:00,Gregg Davis,544534,342,1,,2.650019663091727e-08,0.000990924822686188,0
2021-07-30 15:06:07.834066+00:00,Gregg Davis,544534,342,1,,2.595109804126938e-08,0.0009869567909526322,0
2021-07-30 15:06:07.921511+00:00,Gregg Davis,544534,342,1,,2.5459687790668123e-08,0.0009829428185063054,0
2021-07-30 15:06:08.009107+00:00,Gregg Davis,544534,342,1,,2.4951204867054124e-08,0.0009790043757063986,0
2021-07-30 15:06:08.096464+00:00,Gregg Davis,544534,342,1,,2.44331525471018e-08,0.0009751484704582492,0
2021-07-30 15:06:08.184046+00:00,Gregg Davis,544534,342,1,,2.392075487044032e-08,0.0009713026877400325,0
2021-07-30 15:06:08.272737+00:00,Gregg Davis,544534,342,1,,2.3391897574319426e-08,0.00096722252952107,0
2021-07-30 15:06:08.361698+00:00,Gregg Davis,544534,342,1,,2.2955335113781132e-08,0.0009634639562915027,0
2021-07-30 15:06:08.449185+00:00,Gregg Davis,544534,342,1,,2.2464809807355345e-08,0.0009597373079640306,0
2021-07-30 15:06:08.536787+00:00,Gregg Davis,544534,342,1,,2.2020249101366545e-08,0.000955993529201288,0
2021-07-30 15:06:08.624636+00:00,Gregg Davis,544534,342,1,,2.1547137696427897e-08,0.0009522645449053697,0
2021-07-30 15:06:08.711811+00:00,Gregg Davis,544534,342,1,,2.1084859358112078e-08,0.0009485160942057352,0
2021-07-30 15:06:08.799467+00:00,Gregg Davis,544534,342,1,,2.0665941735935933e-08,0.0009446617462698833,0
2021-07-30 15:06:08.887029+00:00,Gregg Davis,544534,342,1,,2.028810432087355e-08,0.0009412543469633602,0
2021-07-30 15:06:08.974812+00:00,Gregg Davis,544534,342,1,,1.9913285465392842e-08,0.0009376561769004164,0
2021-07-30 15:06:09.062233+00:00,Gregg Davis,544534,342,1,,1.953769040887687e-08,0.0009336943744160498,0
2021-07-30 15:06:09.149963+00:00,Gregg Davis,544534,342,1,,1.9135014560685542e-08,0.0009301234573183091,0
2021-07-30 15:06:09.237625+00:00,Gregg Davis,544534,342,1,,1.8747517754961923e-08,0.0009264933623532705,0
2021-07-30 15:06:09.325125+00:00,Gregg Davis,544534,342,1,,1.8370775630022713e-08,0.0009228585954513395,0
2021-07-30 15:06:09.412752+00:00,Gregg Davis,544534,342,1,,1.80150843179283e-08,0.0009192004688649492,0
2021-07-30 15:06:09.500205+00:00,Gregg Davis,544534,342,1,,1.7655377009173078e-08,0.0009153624727082191,0
2021-07-30 15:06:09.588650+00:00,Gregg Davis,544534,342,1,,1.731598591881953e-08,0.0009117253698378423,0
2021-07-30 15:06:09.676436+00:00,Gregg Davis,544534,342,1,,1.696919279540491e-08,0.0009080477768477355,0
2021-07-30 15:06:09.763789+00:00,Gregg Davis,544534,342,1,,1.660909176148688e-08,0.0009045235791189142,0
2021-07-30 15:06:09.851388+00:00,Gregg Davis,544534,342,1,,1.630953965070207e-08,0.0009010149545130658,0
2021-07-30 15:06:09.938734+00:00,Gregg Davis,544534,342,1,,1.5996344407848346e-08,0.0008975592785253263,0
2021-07-30 15:06:10.026244+00:00,Gregg Davis,544534,342,1,,1.5705662744781218e-08,0.0008940140570804912,0
2021-07-30 15:06:10.113692+00:00,Gregg Davis,544534,342,1,,1.5385556687879083e-08,0.000890266385037005,0
2021-07-30 15:06:10.201863+00:00,Gregg Davis,544534,342,1,,1.5074855037723252e-08,0.0008870061517425785,0
2021-07-30 15:06:10.289854+00:00,Gregg Davis,544534,342,1,,1.4797068811179446e-08,0.0008835465824740956,0
2021-07-30 15:06:10.377579+00:00,Gregg Davis,544534,342,1,,1.4476340482842859e-08,0.0008800364005559499,0
2021-07-30 15:06:10.465193+00:00,Gregg Davis,544534,342,1,,1.423347580335974e-08,0.0008765565862276021,0
2021-07-30 15:06:10.552585+00:00,Gregg Davis,544534,342,1,,1.3975732062485352e-08,0.0008728984596412116,0
2021-07-30 15:06:10.639852+00:00,Gregg Davis,544534,342,1,,1.3726627776612337e-08,0.0008696553567820553,0
2021-07-30 15:06:10.727660+00:00,Gregg Davis,544534,342,1,,1.3452325080318635e-08,0.0008659185859246505,0
2021-07-30 15:06:10.814907+00:00,Gregg Davis,544534,342,1,,1.3223079541705736e-08,0.0008625275383972496,0
2021-07-30 15:06:10.902078+00:00,Gregg Davis,544534,342,1,,1.2981294794097772e-08,0.000859266526446674,0
2021-07-30 15:06:10.990424+00:00,Gregg Davis,544534,342,1,,1.272197990718658e-08,0.0008559074038213681,0
2021-07-30 15:06:11.078729+00:00,Gregg Davis,544534,342,1,,1.250312496310875e-08,0.0008524836527357236,0
2021-07-30 15:06:11.166480+00:00,Gregg Davis,544534,342,1,,1.227386442544202e-08,0.000849038877934065,0
2021-07-30 15:06:11.253926+00:00,Gregg Davis,544534,342,1,,1.2031442218046627e-08,0.000845715573491597,0
2021-07-30 15:06:11.341959+00:00,Gregg Davis,544534,342,1,,1.1811237359124824e-08,0.0008423377631187232,0
2021-07-30 15:06:11.429633+00:00,Gregg Davis,544534,342,1,,1.1560828155569317e-08,0.0008388291385128749,0
2021-07-30 15:06:11.516964+00:00,Gregg Davis,544534,342,1,,1.1353609870619627e-08,0.0008357160712305444,0
2021-07-30 15:06:11.605279+00:00,Gregg Davis,544534,342,1,,1.1156379812389418e-08,0.0008324760829959828,0
2021-07-30 15:06:11.694477+00:00,Gregg Davis,544534,342,1,,1.0951350246171871e-08,0.0008288856994945255,0
2021-07-30 15:06:11.783082+00:00,Gregg Davis,544534,342,1,,1.0752950261743555e-08,0.0008257539444646271,0
2021-07-30 15:06:11.871141+00:00,Gregg Davis,544534,342,1,,1.0567614453194066e-08,0.0008225295293530386,0
2021-07-30 15:06:11.958711+00:00,Gregg Davis,544534,342,1,,1.0365412208621928e-08,0.0008191042209550966,0
2021-07-30 15:06:12.046206+00:00,Gregg Davis,544534,342,1,,1.0181148832420712e-08,0.0008160332011047936,0
2021-07-30 15:06:12.133698+00:00,Gregg Davis,544534,342,1,,9.988638956280118e-09,0.0008128812010150304,0
2021-07-30 15:06:12.221327+00:00,Gregg Davis,544534,342,1,,9.827233013174334e-09,0.0008095649044779002,0
2021-07-30 15:06:12.308782+00:00,Gregg Davis,544534,342,1,,9.640337303027369e-09,0.0008062844261236084,0
2021-07-30 15:06:12.396560+00:00,Gregg Davis,544534,342,1,,9.473096353008539e-09,0.0008029743588356678,0
2021-07-30 15:06:12.483879+00:00,Gregg Davis,544534,342,1,,9.305548297362707e-09,0.0007998044496544852,0
2021-07-30 15:06:12.571971+00:00,Gregg Davis,544534,342,1,,9.143133292911051e-09,0.0007968953902831029,0
2021-07-30 15:06:12.679300+00:00,Gregg Davis,544534,342,1,,8.984710661610425e-09,0.0007939209237952333,0
2021-07-30 15:06:12.767481+00:00,Gregg Davis,544534,342,1,,8.820460643057497e-09,0.0007905976193527652,0
2021-07-30 15:06:12.856221+00:00,Gregg Davis,544534,342,1,,8.681545406181202e-09,0.0007876200382403011,0
2021-07-30 15:06:12.946886+00:00,Gregg Davis,544534,342,1,,8.536395812583864e-09,0.0007844976270841868,0
2021-07-30 15:06:13.035389+00:00,Gregg Davis,544534,342,1,,8.384744129154755e-09,0.0007814616467605733,0
2021-07-30 15:06:13.125463+00:00,Gregg Davis,544534,342,1,,8.224410243420882e-09,0.0007774780419040441,0
2021-07-30 15:06:13.213961+00:00,Gregg Davis,544534,342,1,,8.071190408914707e-09,0.0007745487374727967,0
2021-07-30 15:06:13.303399+00:00,Gregg Davis,544534,342,1,,7.939656956376819e-09,0.0007716007452939815,0
2021-07-30 15:06:13.392005+00:00,Gregg Davis,544534,342,1,,7.799586064244091e-09,0.0007684954645731375,0
2021-07-30 15:06:13.478581+00:00,Gregg Davis,544534,342,1,,7.677808746264626e-09,0.0007657553735860136,0
2021-07-30 15:06:13.566496+00:00,Gregg Davis,544534,342,1,,7.549787322179127e-09,0.000762840084965442,0
2021-07-30 15:06:13.653723+00:00,Gregg Davis,544534,342,1,,7.421869391564995e-09,0.0007597013220302057,0
2021-07-30 15:06:13.741160+00:00,Gregg Davis,544534,342,1,,7.298539671514971e-09,0.0007567190689808496,0
2021-07-30 15:06:13.827576+00:00,Gregg Davis,544534,342,1,,7.178487244725016e-09,0.0007540638515139294,0
2021-07-30 15:06:13.913655+00:00,Gregg Davis,544534,342,1,,7.062057089433024e-09,0.0007512715905648455,0
2021-07-30 15:06:14.000524+00:00,Gregg Davis,544534,342,1,,6.9443414501811266e-09,0.0007482029066829883,0
2021-07-30 15:06:14.087250+00:00,Gregg Davis,544534,342,1,,6.837671179211009e-09,0.0007454301121376209,0
2021-07-30 15:06:14.174300+00:00,Gregg Davis,544534,342,1,,6.7247440529391184e-09,0.000742595025100361,0
2021-07-30 15:06:14.261913+00:00,Gregg Davis,544534,342,1,,6.623115713911205e-09,0.0007396088787702614,0
2021-07-30 15:06:14.349991+00:00,Gregg Davis,544534,342,1,,6.504387328597369e-09,0.0007369419814611113,0
2021-07-30 15:06:14.436211+00:00,Gregg Davis,544534,342,1,,6.402758989569463e-09,0.0007340173489667559,0
2021-07-30 15:06:14.522448+00:00,Gregg Davis,544534,342,1,,6.301312889045491e-09,0.0007314843805151748,0
2021-07-30 15:06:14.608548+00:00,Gregg Davis,544534,342,1,,6.204847974295743e-09,0.0007287388389350103,0
2021-07-30 15:06:14.694814+00:00,Gregg Davis,544534,342,1,,6.108241008310436e-09,0.0007260929653418739,0
2021-07-30 15:06:14.780835+00:00,Gregg Davis,544534,342,1,,6.02003757240576e-09,0.0007232680008345464,0
2021-07-30 15:06:14.867065+00:00,Gregg Davis,544534,342,1,,5.93906968006474e-09,0.0007206174553045183,0
2021-07-30 15:06:14.956329+00:00,Gregg Davis,544534,342,1,,5.845628574565475e-09,0.0007182012852752355,0
2021-07-30 15:06:15.045782+00:00,Gregg Davis,544534,342,1,,5.7618798576458855e-09,0.0007139544946404606,0
2021-07-30 15:06:15.134485+00:00,Gregg Davis,544534,342,1,,5.671570554584625e-09,0.0007110804747957677,0
2021-07-30 15:06:15.223124+00:00,Gregg Davis,544534,342,1,,5.581531234492159e-09,0.0007082866565343865,0
2021-07-30 15:06:15.311765+00:00,Gregg Davis,544534,342,1,,5.490789958680826e-09,0.0007057326643667917,0
2021-07-30 15:06:15.400521+00:00,Gregg Davis,544534,342,1,,5.402750190119477e-09,0.0007029271662631807,0
2021-07-30 15:06:15.490271+00:00,Gregg Davis,544534,342,1,,5.317267582578083e-09,0.0007003739527517345,0
2021-07-30 15:06:15.579748+00:00,Gregg Davis,544534,342,1,,5.24205632709388e-09,0.0006976128380485968,0
2021-07-30 15:06:15.668432+00:00,Gregg Davis,544534,342,1,,5.1535499103020025e-09,0.0006947061146456604,0
2021-07-30 15:06:15.756942+00:00,Gregg Davis,544534,342,1,,5.0741629182338e-09,0.0006921365493550925,0
2021-07-30 15:06:15.845449+00:00,Gregg Davis,544534,342,1,,4.996143839874152e-09,0.0006894089168663472,0
2021-07-30 15:06:15.934703+00:00,Gregg Davis,544534,342,1,,4.9182207554589626e-09,0.0006867996401121976,0
2021-07-30 15:06:16.024728+00:00,Gregg Davis,544534,342,1,,4.842913506030295e-09,0.0006843157269979819,0
2021-07-30 15:06:16.114297+00:00,Gregg Davis,544534,342,1,,4.765813296888798e-09,0.0006812470431161249,0
2021-07-30 15:06:16.204359+00:00,Gregg Davis,544534,342,1,,4.6980160737087296e-09,0.0006788230865253557,0
2021-07-30 15:06:16.295199+00:00,Gregg Davis,544534,342,1,,4.628102859010744e-09,0.0006760370548254611,0
2021-07-30 15:06:16.384236+00:00,Gregg Davis,544534,342,1,,4.552867605040423e-09,0.0006734853986263122,0
2021-07-30 15:06:16.473415+00:00,Gregg Davis,544534,342,1,,4.483424610679752e-09,0.0006708901376828386,0
2021-07-30 15:06:16.562453+00:00,Gregg Davis,544534,342,1,,4.417080795815017e-09,0.0006683205723922705,0
2021-07-30 15:06:16.651420+00:00,Gregg Davis,544534,342,1,,4.353622423929257e-09,0.0006656894932659587,0
2021-07-30 15:06:16.740407+00:00,Gregg Davis,544534,342,1,,4.279648215409008e-09,0.0006631915643410672,0
2021-07-30 15:06:16.829370+00:00,Gregg Davis,544534,342,1,,4.220604451444731e-09,0.0006606445800788103,0
2021-07-30 15:06:16.918314+00:00,Gregg Davis,544534,342,1,,4.156483496356393e-09,0.0006583841412792592,0
2021-07-30 15:06:17.007779+00:00,Gregg Davis,544534,342,1,,4.100837006677391e-09,0.0006556471649167299,0
2021-07-30 15:06:17.096923+00:00,Gregg Davis,544534,342,1,,4.038384696326729e-09,0.0006531601371779196,0
2021-07-30 15:06:17.186052+00:00,Gregg Davis,544534,342,1,,3.97979464233519e-09,0.0006506528643792442,0
2021-07-30 15:06:17.275003+00:00,Gregg Davis,544534,342,1,,3.928554124716352e-09,0.0006484360303240178,0
2021-07-30 15:06:17.364024+00:00,Gregg Davis,544534,342,1,,3.864676904252617e-09,0.0006457278642389889,0
2021-07-30 15:06:17.452896+00:00,Gregg Davis,544534,342,1,,3.806649314779395e-09,0.0006433490697048418,0
2021-07-30 15:06:17.541889+00:00,Gregg Davis,544534,342,1,,3.7493163926486955e-09,0.0006408776150890047,0
2021-07-30 15:06:17.631298+00:00,Gregg Davis,544534,342,1,,3.692518725588866e-09,0.0006383757928833698,0
2021-07-30 15:06:17.720246+00:00,Gregg Davis,544534,342,1,,3.640125155707474e-09,0.0006359432710749656,0
2021-07-30 15:06:17.809316+00:00,Gregg Davis,544534,342,1,,3.588237803892565e-09,0.0006335590259477778,0
2021-07-30 15:06:17.899039+00:00,Gregg Davis,544534,342,1,,3.537329140339534e-09,0.0006311280614516708,0
2021-07-30 15:06:17.987877+00:00,Gregg Davis,544534,342,1,,3.4861673677532586e-09,0.0006287741839142807,0
2021-07-30 15:06:18.076979+00:00,Gregg Davis,544534,342,1,,3.439983406154105e-09,0.0006262941640808084,0
2021-07-30 15:06:18.166040+00:00,Gregg Davis,544534,342,1,,3.3854805943290147e-09,0.0006240111442529461,0
2021-07-30 15:06:18.255176+00:00,Gregg Davis,544534,342,1,,3.3335426207074612e-09,0.0006215451402301496,0
2021-07-30 15:06:18.344175+00:00,Gregg Davis,544534,342,1,,3.2867481910634218e-09,0.0006192815868060037,0
2021-07-30 15:06:18.433198+00:00,Gregg Davis,544534,342,1,,3.2430221994093216e-09,0.0006171029069020616,0
2021-07-30 15:06:18.522820+00:00,Gregg Davis,544534,342,1,,3.1992669596002686e-09,0.0006145746103873724,0
2021-07-30 15:06:18.611964+00:00,Gregg Davis,544534,342,1,,3.15757371471537e-09,0.0006122705668434964,0
2021-07-30 15:06:18.700832+00:00,Gregg Davis,544534,342,1,,3.111595615129922e-09,0.0006099112387130659,0
2021-07-30 15:06:18.789781+00:00,Gregg Davis,544534,342,1,,3.0769219274336427e-09,0.0006077551398374348,0
2021-07-30 15:06:18.878786+00:00,Gregg Davis,544534,342,1,,3.035711277105463e-09,0.0006055406417506544,0
2021-07-30 15:06:18.967846+00:00,Gregg Davis,544534,342,1,,2.9881099049201463e-09,0.0006030302543273843,0
2021-07-30 15:06:19.056870+00:00,Gregg Davis,544534,342,1,,2.9480838048675468e-09,0.0006009761594072272,0
2021-07-30 15:06:19.145868+00:00,Gregg Davis,544534,342,1,,2.906458903000624e-09,0.0005987289577622032,0
2021-07-30 15:06:19.234970+00:00,Gregg Davis,544534,342,1,,2.869435613523155e-09,0.000596366515007178,0
2021-07-30 15:06:19.323980+00:00,Gregg Davis,544534,342,1,,2.833842858803942e-09,0.0005941161987375594,0
2021-07-30 15:06:19.413420+00:00,Gregg Davis,544534,342,1,,2.796780196810192e-09,0.0005919211670544955,0
2021-07-30 15:06:19.502436+00:00,Gregg Davis,544534,342,1,,2.76125306295145e-09,0.0005897502737120399,0
2021-07-30 15:06:19.591466+00:00,Gregg Davis,544534,342,1,,2.724754740357746e-09,0.0005875155305653943,0
2021-07-30 15:06:19.680350+00:00,Gregg Davis,544534,342,1,,2.6896213316618286e-09,0.0005853890206234122,0
2021-07-30 15:06:19.769245+00:00,Gregg Davis,544534,342,1,,2.656574666328872e-09,0.0005832882063343357,0
2021-07-30 15:06:19.858324+00:00,Gregg Davis,544534,342,1,,2.61851456725597e-09,0.0005811725975784348,0
2021-07-30 15:06:19.947647+00:00,Gregg Davis,544534,342,1,,2.5853366602020737e-09,0.000578770443359828,0
2021-07-30 15:06:20.036849+00:00,Gregg Davis,544534,342,1,,2.5483935646940484e-09,0.0005766423761055485,0
2021-07-30 15:06:20.125923+00:00,Gregg Davis,544534,342,1,,2.516740686437487e-09,0.0005742892772243072,0
2021-07-30 15:06:20.215272+00:00,Gregg Davis,544534,342,1,,2.4861107436515737e-09,0.0005723488661018541,0
2021-07-30 15:06:20.306105+00:00,Gregg Davis,544534,342,1,,2.449517552042446e-09,0.0005701951031946689,0
2021-07-30 15:06:20.398344+00:00,Gregg Davis,544534,342,1,,2.4169812295157784e-09,0.0005680024074800509,0
2021-07-30 15:06:20.488398+00:00,Gregg Davis,544534,342,1,,2.3857933219276946e-09,0.0005660876920105034,0
2021-07-30 15:06:20.578411+00:00,Gregg Davis,544534,342,1,,2.350199817255792e-09,0.0005637968856211546,0
2021-07-30 15:06:20.667097+00:00,Gregg Davis,544534,342,1,,2.319163025134962e-09,0.0005616454586824154,0
2021-07-30 15:06:20.755700+00:00,Gregg Davis,544534,342,1,,2.2890096772842386e-09,0.0005595633321409068,0
2021-07-30 15:06:20.844365+00:00,Gregg Davis,544534,342,1,,2.2589260750337864e-09,0.0005574422727919651,0
2021-07-30 15:06:20.932793+00:00,Gregg Davis,544534,342,1,,2.230260015156689e-09,0.0005554014150263353,0
2021-07-30 15:06:21.021382+00:00,Gregg Davis,544534,342,1,,2.202688754421394e-09,0.0005535170671465854,0
2021-07-30 15:06:21.109917+00:00,Gregg Davis,544534,342,1,,2.175222487062852e-09,0.000551329822025008,0
2021-07-30 15:06:21.198516+00:00,Gregg Davis,544534,342,1,,2.148155194535971e-09,0.0005492469168273507,0
2021-07-30 15:06:21.286941+00:00,Gregg Davis,544534,342,1,,2.121350385450971e-09,0.0005472792527396945,0
2021-07-30 15:06:21.375685+00:00,Gregg Davis,544534,342,1,,2.0946400704050503e-09,0.0005452181499141995,0
2021-07-30 15:06:21.464296+00:00,Gregg Davis,544534,342,1,,2.0674572851637396e-09,0.0005431430312780287,0
2021-07-30 15:06:21.552822+00:00,Gregg Davis,544534,342,1,,2.040746970117819e-09,0.0005411006162001016,0
2021-07-30 15:06:21.641580+00:00,Gregg Davis,544534,342,1,,2.013553685538834e-09,0.0005391594264214998,0
2021-07-30 15:06:21.730171+00:00,Gregg Davis,544534,342,1,,1.986874868505938e-09,0.0005371372564034376,0
2021-07-30 15:06:21.818714+00:00,Gregg Davis,544534,342,1,,1.962091584324443e-09,0.0005353868373812567,0
2021-07-30 15:06:21.907254+00:00,Gregg Davis,544534,342,1,,1.9393410194874856e-09,0.0005332836871237343,0
2021-07-30 15:06:21.995700+00:00,Gregg Davis,544534,342,1,,1.9169414325099586e-09,0.0005312615171056722,0
2021-07-30 15:06:22.084400+00:00,Gregg Davis,544534,342,1,,1.8947848302043464e-09,0.0005293016395795027,0
2021-07-30 15:06:22.172932+00:00,Gregg Davis,544534,342,1,,1.871413304539164e-09,0.0005273254102742111,0
2021-07-30 15:06:22.261589+00:00,Gregg Davis,544534,342,1,,1.84890572437412e-09,0.000525280659227838,0
2021-07-30 15:06:22.350063+00:00,Gregg Davis,544534,342,1,,1.8254352049537146e-09,0.0005232725050204518,0
2021-07-30 15:06:22.438685+00:00,Gregg Davis,544534,342,1,,1.8021266753145843e-09,0.0005213733626738774,0
2021-07-30 15:06:22.527270+00:00,Gregg Davis,544534,342,1,,1.7799250758475067e-09,0.0005194056985862212,0
2021-07-30 15:06:22.615750+00:00,Gregg Davis,544534,342,1,,1.7575344883022724e-09,0.0005174629514953221,0
2021-07-30 15:06:22.703093+00:00,Gregg Davis,544534,342,1,,1.736781797434384e-09,0.0005155848328647615,0
2021-07-30 15:06:22.791031+00:00,Gregg Davis,544534,342,1,,1.716739626307843e-09,0.0005138203980319049,0
2021-07-30 15:06:22.876905+00:00,Gregg Davis,544534,342,1,,1.697765823223223e-09,0.0005119819908649257,0
2021-07-30 15:06:22.963800+00:00,Gregg Davis,544534,342,1,,1.6757644611246658e-09,0.0005101490342909873,0
2021-07-30 15:06:23.051098+00:00,Gregg Davis,544534,342,1,,1.659562483186322e-09,0.0005083464453068464,0
2021-07-30 15:06:23.137595+00:00,Gregg Davis,544534,342,1,,1.6390460274161255e-09,0.0005065703306317598,0
2021-07-30 15:06:23.223995+00:00,Gregg Davis,544534,342,1,,1.6201217212091184e-09,0.0005046462712884285,0
2021-07-30 15:06:23.310692+00:00,Gregg Davis,544534,342,1,,1.6014119014717619e-09,0.0005027821684685438,0
2021-07-30 15:06:23.397487+00:00,Gregg Davis,544534,342,1,,1.5809201941403735e-09,0.0005010013818565652,0
2021-07-30 15:06:23.487965+00:00,Gregg Davis,544534,342,1,,1.5622433723214267e-09,0.0004991030181661396,0
2021-07-30 15:06:23.578715+00:00,Gregg Davis,544534,342,1,,1.531802792590014e-09,0.0004972467019077414,0
2021-07-30 15:06:23.667314+00:00,Gregg Davis,544534,342,1,,1.5129774801382306e-09,0.0004954106307092083,0
2021-07-30 15:06:23.756750+00:00,Gregg Davis,544534,342,1,,1.4962633638752473e-09,0.0004932654330196583,0
2021-07-30 15:06:23.845862+00:00,Gregg Davis,544534,342,1,,1.4787369694844338e-09,0.0004916512788234925,0
2021-07-30 15:06:23.935318+00:00,Gregg Davis,544534,342,1,,1.4619515283524197e-09,0.000489527883506105,0
2021-07-30 15:06:24.024832+00:00,Gregg Davis,544534,342,1,,1.4474815661541507e-09,0.00048796122733500713,0
2021-07-30 15:06:24.113771+00:00,Gregg Davis,544534,342,1,,1.4308671142357057e-09,0.00048600602174572944,0
2021-07-30 15:06:24.202964+00:00,Gregg Davis,544534,342,1,,1.414630263497226e-09,0.0004842158912599671,0
2021-07-30 15:06:24.292158+00:00,Gregg Davis,544534,342,1,,1.3977664523089919e-09,0.00048238293468602867,0
2021-07-30 15:06:24.381002+00:00,Gregg Davis,544534,342,1,,1.3807031537049287e-09,0.0004805850176387797,0
2021-07-30 15:06:24.469815+00:00,Gregg Davis,544534,342,1,,1.3636327305502994e-09,0.00047876529821936844,0
2021-07-30 15:06:24.559161+00:00,Gregg Davis,544534,342,1,,1.3471322714408997e-09,0.0004769704957967141,0
2021-07-30 15:06:24.647918+00:00,Gregg Davis,544534,342,1,,1.3306389368820658e-09,0.0004751780293425058,0
2021-07-30 15:06:24.736654+00:00,Gregg Davis,544534,342,1,,1.3149403434507408e-09,0.0004733832269198515,0
2021-07-30 15:06:24.826844+00:00,Gregg Davis,544534,342,1,,1.3006166220272344e-09,0.00047130265769064,0
2021-07-30 15:06:24.916638+00:00,Gregg Davis,544534,342,1,,1.2853940823034553e-09,0.0004694471200883905,0
2021-07-30 15:06:25.005886+00:00,Gregg Davis,544534,342,1,,1.2723962772378e-09,0.0004680058275572265,0
2021-07-30 15:06:25.095422+00:00,Gregg Davis,544534,342,1,,1.2587227647974708e-09,0.0004662717603141674,0
2021-07-30 15:06:25.185180+00:00,Gregg Davis,544534,342,1,,1.245246864891244e-09,0.0004646054361560415,0
2021-07-30 15:06:25.274879+00:00,Gregg Davis,544534,342,1,,1.2329056434066392e-09,0.0004629562424331861,0
2021-07-30 15:06:25.363535+00:00,Gregg Davis,544534,342,1,,1.2176767290849858e-09,0.00046119725819337005,0
2021-07-30 15:06:25.452220+00:00,Gregg Davis,544534,342,1,,1.2033657568572285e-09,0.00045952859806679813,0
2021-07-30 15:06:25.540740+00:00,Gregg Davis,544534,342,1,,1.1901830884532194e-09,0.0004578646098771182,0
2021-07-30 15:06:25.630255+00:00,Gregg Davis,544534,342,1,,1.1750242947081824e-09,0.0004562364398702765,0
2021-07-30 15:06:25.720220+00:00,Gregg Davis,544534,342,1,,1.1602734752271e-09,0.0004545973686773536,0
2021-07-30 15:06:25.809073+00:00,Gregg Davis,544534,342,1,,1.1475455577475672e-09,0.0004529435030176062,0
2021-07-30 15:06:25.898373+00:00,Gregg Davis,544534,342,1,,1.1350419715053408e-09,0.00045135270850589997,0
2021-07-30 15:06:25.987786+00:00,Gregg Davis,544534,342,1,,1.123027729394052e-09,0.0004496653606317604,0
2021-07-30 15:06:26.077450+00:00,Gregg Davis,544534,342,1,,1.109742317471363e-09,0.00044796088232235034,0
2021-07-30 15:06:26.166150+00:00,Gregg Davis,544534,342,1,,1.0991623598817867e-09,0.00044624706013915633,0
2021-07-30 15:06:26.255437+00:00,Gregg Davis,544534,342,1,,1.0871087452542158e-09,0.00044460721029008474,0
2021-07-30 15:06:26.344985+00:00,Gregg Davis,544534,342,1,,1.0754713543702008e-09,0.0004429658031287159,0
2021-07-30 15:06:26.434368+00:00,Gregg Davis,544534,342,1,,1.0630408885153553e-09,0.00044114530505315585,0
2021-07-30 15:06:26.523227+00:00,Gregg Davis,544534,342,1,,1.0511616378884637e-09,0.0004399259295243591,0
2021-07-30 15:06:26.613850+00:00,Gregg Davis,544534,342,1,,1.03945675126225e-09,0.0004381630520037998,0
2021-07-30 15:06:26.702998+00:00,Gregg Davis,544534,342,1,,1.0277799878619523e-09,0.0004365769294289856,0
2021-07-30 15:06:26.791954+00:00,Gregg Davis,544534,342,1,,1.0145508223910947e-09,0.0004347805696940339,0
2021-07-30 15:06:26.880788+00:00,Gregg Davis,544534,342,1,,1.0056301351305591e-09,0.00043338521787564065,0
2021-07-30 15:06:26.969676+00:00,Gregg Davis,544534,342,1,,9.943680421248158e-10,0.0004318442573574485,0
2021-07-30 15:06:27.058714+00:00,Gregg Davis,544534,342,1,,9.844650668294882e-10,0.00043028538774783723,0
2021-07-30 15:06:27.147730+00:00,Gregg Davis,544534,342,1,,9.754219872897668e-10,0.00042871483829599617,0
2021-07-30 15:06:27.236759+00:00,Gregg Davis,544534,342,1,,9.659489598722416e-10,0.0004271271584088846,0
2021-07-30 15:06:27.325653+00:00,Gregg Davis,544534,342,1,,9.568161109953963e-10,0.00042568352990927455,0
2021-07-30 15:06:27.414712+00:00,Gregg Davis,544534,342,1,,9.4709739907627e-10,0.0004241308895488526,0
2021-07-30 15:06:27.504240+00:00,Gregg Davis,544534,342,1,,9.381346394697643e-10,0.0004226600080840397,0
2021-07-30 15:06:27.593164+00:00,Gregg Davis,544534,342,1,,9.289261953616566e-10,0.00042119224124382134,0
2021-07-30 15:06:27.682748+00:00,Gregg Davis,544534,342,1,,9.196043584066562e-10,0.0004197112372490757,0
2021-07-30 15:06:27.772949+00:00,Gregg Davis,544534,342,1,,9.102730720477478e-10,0.0004183080988691959,0
2021-07-30 15:06:27.862038+00:00,Gregg Davis,544534,342,1,,9.0129613833538e-10,0.00041686758499418056,0
2021-07-30 15:06:27.951060+00:00,Gregg Davis,544534,342,1,,8.921538400546265e-10,0.0004153951462170702,0
2021-07-30 15:06:28.040015+00:00,Gregg Davis,544534,342,1,,8.833611697184604e-10,0.00041393516593833836,0
2021-07-30 15:06:28.129045+00:00,Gregg Davis,544534,342,1,,8.749748237503275e-10,0.00041247907894034985,0
2021-07-30 15:06:28.223727+00:00,Gregg Davis,544534,342,1,,8.654672516671522e-10,0.00041086414608803543,0
2021-07-30 15:06:28.313144+00:00,Gregg Davis,544534,342,1,,8.58159712645155e-10,0.0004093083911030187,0
2021-07-30 15:06:28.405193+00:00,Gregg Davis,544534,342,1,,8.500257257575749e-10,0.00040788033572638187,0
2021-07-30 15:06:28.495597+00:00,Gregg Davis,544534,342,1,,8.404824277728944e-10,0.00040650055703096174,0
2021-07-30 15:06:28.585808+00:00,Gregg Davis,544534,342,1,,8.310739712820731e-10,0.0004049985293202024,0
2021-07-30 15:06:28.678479+00:00,Gregg Davis,544534,342,1,,8.235750443333093e-10,0.00040257067944869,0
2021-07-30 15:06:28.769620+00:00,Gregg Davis,544534,342,1,,8.153888607384284e-10,0.00040125397190131113,0
2021-07-30 15:06:28.858149+00:00,Gregg Davis,544534,342,1,,8.064197265340481e-10,0.00039974882956595717,0
2021-07-30 15:06:28.946758+00:00,Gregg Davis,544534,342,1,,7.99233979829084e-10,0.0003981089797168856,0
2021-07-30 15:06:29.035272+00:00,Gregg Davis,544534,342,1,,7.913827251060456e-10,0.00039672686505301953,0
2021-07-30 15:06:29.124684+00:00,Gregg Davis,544534,342,1,,7.831486945294731e-10,0.00039552773458408785,0
2021-07-30 15:06:29.213264+00:00,Gregg Davis,544534,342,1,,7.753148387088678e-10,0.00039416041438704617,0
2021-07-30 15:06:29.303849+00:00,Gregg Davis,544534,342,1,,7.672591468822374e-10,0.0003928133392498696,0
2021-07-30 15:06:29.392380+00:00,Gregg Davis,544534,342,1,,7.594948866713649e-10,0.00039142188071221966,0
2021-07-30 15:06:29.480835+00:00,Gregg Davis,544534,342,1,,7.520321287028994e-10,0.00039006390438896184,0
2021-07-30 15:06:29.569324+00:00,Gregg Davis,544534,342,1,,7.452699552778636e-10,0.0003885307304322563,0
2021-07-30 15:06:29.657960+00:00,Gregg Davis,544534,342,1,,7.383012448817015e-10,0.0003873713114269061,0
2021-07-30 15:06:29.746420+00:00,Gregg Davis,544534,342,1,,7.312713383459463e-10,0.00038600788451060783,0
2021-07-30 15:06:29.835926+00:00,Gregg Davis,544534,342,1,,7.243905974004491e-10,0.0003846210979098497,0
2021-07-30 15:06:29.924627+00:00,Gregg Davis,544534,342,1,,7.175557535596469e-10,0.0003832927105202409,0
2021-07-30 15:06:30.013717+00:00,Gregg Davis,544534,342,1,,7.095084612031567e-10,0.00038172994762988643,0
2021-07-30 15:06:30.104126+00:00,Gregg Davis,544534,342,1,,7.036642298720173e-10,0.00038058532309136076,0
2021-07-30 15:06:30.195030+00:00,Gregg Davis,544534,342,1,,6.968217365137659e-10,0.0003792569357017519,0
2021-07-30 15:06:30.285219+00:00,Gregg Davis,544534,342,1,,6.899409955682687e-10,0.00037755090008004456,0
2021-07-30 15:06:30.377153+00:00,Gregg Davis,544534,342,1,,6.829837594482802e-10,0.00037663520044922395,0
2021-07-30 15:06:30.468160+00:00,Gregg Davis,544534,342,1,,6.743589285243804e-10,0.0003752811174067095,0
2021-07-30 15:06:30.560719+00:00,Gregg Davis,544534,342,1,,6.669580203923418e-10,0.00037381179325419377,0
2021-07-30 15:06:30.652485+00:00,Gregg Davis,544534,342,1,,6.601078775166416e-10,0.000372483405864585,0
2021-07-30 15:06:30.740735+00:00,Gregg Davis,544534,342,1,,6.543247562866502e-10,0.000371225876184504,0
2021-07-30 15:06:30.830797+00:00,Gregg Davis,544534,342,1,,6.483276470994319e-10,0.00036994031488307136,0
2021-07-30 15:06:30.921085+00:00,Gregg Davis,544534,342,1,,6.426075329386684e-10,0.00036848033460433954,0
2021-07-30 15:06:31.013464+00:00,Gregg Davis,544534,342,1,,6.356392725141206e-10,0.0003672601804193941,0
2021-07-30 15:06:31.105913+00:00,Gregg Davis,544534,342,1,,6.297255955637863e-10,0.0003659761764302588,0
2021-07-30 15:06:31.196961+00:00,Gregg Davis,544534,342,1,,6.239153745871881e-10,0.0003644733700633508,0
2021-07-30 15:06:31.287213+00:00,Gregg Davis,544534,342,1,,6.16903729399461e-10,0.00036336222773921734,0
2021-07-30 15:06:31.377502+00:00,Gregg Davis,544534,342,1,,6.103259318435301e-10,0.0003616063581239959,0
2021-07-30 15:06:31.466445+00:00,Gregg Davis,544534,342,1,,6.056203536832754e-10,0.00036038153200215853,0
2021-07-30 15:06:31.555405+00:00,Gregg Davis,544534,342,1,,5.992528053642924e-10,0.0003591403541011993,0
2021-07-30 15:06:31.644524+00:00,Gregg Davis,544534,342,1,,5.948308968094431e-10,0.00035794200228841624,0
2021-07-30 15:06:31.733518+00:00,Gregg Davis,544534,342,1,,5.883765789641005e-10,0.0003566704567976594,0
2021-07-30 15:06:31.822320+00:00,Gregg Davis,544534,342,1,,5.834140295142433e-10,0.00035527666229156346,0
2021-07-30 15:06:31.910893+00:00,Gregg Davis,544534,342,1,,5.772200202479788e-10,0.0003540635160119559,0
2021-07-30 15:06:31.999699+00:00,Gregg Davis,544534,342,1,,5.726846438509674e-10,0.00035299442111984985,0
2021-07-30 15:06:32.088531+00:00,Gregg Davis,544534,342,1,,5.670279381902352e-10,0.00035178283215253967,0
2021-07-30 15:06:32.177315+00:00,Gregg Davis,544534,342,1,,5.61663012302777e-10,0.00035055021946921573,0
2021-07-30 15:06:32.265838+00:00,Gregg Davis,544534,342,1,,5.573765452039388e-10,0.0003493518676564326,0
2021-07-30 15:06:32.354706+00:00,Gregg Davis,544534,342,1,,5.517185271259975e-10,0.0003481060178185815,0
2021-07-30 15:06:32.443405+00:00,Gregg Davis,544534,342,1,,5.474942686028853e-10,0.000346890535570528,0
2021-07-30 15:06:32.532202+00:00,Gregg Davis,544534,342,1,,5.430330250293881e-10,0.00034545702960085055,0
2021-07-30 15:06:32.622217+00:00,Gregg Davis,544534,342,1,,5.374520270928221e-10,0.00034444944854448837,0
2021-07-30 15:06:32.711210+00:00,Gregg Davis,544534,342,1,,5.327478738426803e-10,0.00034306266194373034,0
2021-07-30 15:06:32.797246+00:00,Gregg Davis,544534,342,1,,5.291575503293478e-10,0.00034190168562608285,0
2021-07-30 15:06:32.883224+00:00,Gregg Davis,544534,342,1,,5.236328363422482e-10,0.0003409641836230998,0
2021-07-30 15:06:32.969214+00:00,Gregg Davis,544534,342,1,,5.190412509910393e-10,0.00033982267370916873,0
2021-07-30 15:06:33.055241+00:00,Gregg Davis,544534,342,1,,5.145177988418163e-10,0.0003385075234740871,0
2021-07-30 15:06:33.141252+00:00,Gregg Davis,544534,342,1,,5.10133575409694e-10,0.00033763542858759134,0
2021-07-30 15:06:33.228057+00:00,Gregg Davis,544534,342,1,,5.064691940681164e-10,0.00033637089100217244,0
2021-07-30 15:06:33.314588+00:00,Gregg Davis,544534,342,1,,5.019990635552299e-10,0.0003353516301035805,0
2021-07-30 15:06:33.401089+00:00,Gregg Davis,544534,342,1,,4.976326140018868e-10,0.00033421167750194664,0
2021-07-30 15:06:33.489655+00:00,Gregg Davis,544534,342,1,,4.930736140951058e-10,0.0003330678316195696,0
2021-07-30 15:06:33.579051+00:00,Gregg Davis,544534,342,1,,4.884494432994688e-10,0.0003318204244694211,0
2021-07-30 15:06:33.668672+00:00,Gregg Davis,544534,342,1,,4.842326286755948e-10,0.00033051695407656937,0
2021-07-30 15:06:33.758361+00:00,Gregg Davis,544534,342,1,,4.804423677748175e-10,0.0003295771161051405,0
2021-07-30 15:06:33.847995+00:00,Gregg Davis,544534,342,1,,4.764368704516968e-10,0.00032845429393877707,0
2021-07-30 15:06:33.938084+00:00,Gregg Davis,544534,342,1,,4.722791327322843e-10,0.00032728942434038626,0
2021-07-30 15:06:34.028064+00:00,Gregg Davis,544534,342,1,,4.683340066007966e-10,0.0003261759460478068,0
2021-07-30 15:06:34.119064+00:00,Gregg Davis,544534,342,1,,4.637484208711165e-10,0.0003250686970044166,0
2021-07-30 15:06:34.208820+00:00,Gregg Davis,544534,342,1,,4.597140503693888e-10,0.0003237621119869702,0
2021-07-30 15:06:34.298747+00:00,Gregg Davis,544534,342,1,,4.558424196016278e-10,0.0003228713293529067,0
2021-07-30 15:06:34.388602+00:00,Gregg Davis,544534,342,1,,4.518185484375754e-10,0.000321749285842692,0
2021-07-30 15:06:34.478462+00:00,Gregg Davis,544534,342,1,,4.4850075773218574e-10,0.000320702771978897,0
2021-07-30 15:06:34.568385+00:00,Gregg Davis,544534,342,1,,4.4468949815605796e-10,0.0003193642620593557,0
2021-07-30 15:06:34.658417+00:00,Gregg Davis,544534,342,1,,4.405186362645513e-10,0.00031838237665589926,0
2021-07-30 15:06:34.748231+00:00,Gregg Davis,544534,342,1,,4.364842657628236e-10,0.0003172595544895359,0
2021-07-30 15:06:34.838596+00:00,Gregg Davis,544534,342,1,,4.3251289128714767e-10,0.0003159833370618872,0
2021-07-30 15:06:34.928741+00:00,Gregg Davis,544534,342,1,,4.2862551151287395e-10,0.00031505751490113403,0
2021-07-30 15:06:35.019533+00:00,Gregg Davis,544534,342,1,,4.245937658455651e-10,0.00031377818284889067,0
2021-07-30 15:06:35.109889+00:00,Gregg Davis,544534,342,1,,4.202260413726468e-10,0.0003128523606881375,0
2021-07-30 15:06:35.199681+00:00,Gregg Davis,544534,342,1,,4.172613425194381e-10,0.0003115722499797455,0
2021-07-30 15:06:35.290084+00:00,Gregg Davis,544534,342,1,,4.13368263104712e-10,0.0003107398665568312,0
2021-07-30 15:06:35.382486+00:00,Gregg Davis,544534,342,1,,4.100676088183139e-10,0.0003096886807561443,0
2021-07-30 15:06:35.475361+00:00,Gregg Davis,544534,342,1,,4.0684701198168964e-10,0.0003086102419902544,0
2021-07-30 15:06:35.567040+00:00,Gregg Davis,544534,342,1,,4.031346336678821e-10,0.0003073908664614576,0
2021-07-30 15:06:35.657795+00:00,Gregg Davis,544534,342,1,,3.997859449116195e-10,0.00030652032888725913,0
2021-07-30 15:06:35.748391+00:00,Gregg Davis,544534,342,1,,3.958928654968935e-10,0.00030537804031717937,0
2021-07-30 15:06:35.839208+00:00,Gregg Davis,544534,342,1,,3.934202339767297e-10,0.00030403174383615144,0
2021-07-30 15:06:35.928913+00:00,Gregg Davis,544534,342,1,,3.902408095428463e-10,0.0003030592023064789,0
2021-07-30 15:06:36.019745+00:00,Gregg Davis,544534,342,1,,3.867731782897766e-10,0.0003020282615656571,0
2021-07-30 15:06:36.109083+00:00,Gregg Davis,544534,342,1,,3.823311335051715e-10,0.00030101912319699766,0
2021-07-30 15:06:36.199728+00:00,Gregg Davis,544534,342,1,,3.797715824681101e-10,0.0003001789532125968,0
2021-07-30 15:06:36.288899+00:00,Gregg Davis,544534,342,1,,3.7588536512050736e-10,0.00029915034844022094,0
2021-07-30 15:06:36.377853+00:00,Gregg Davis,544534,342,1,,3.733738485533105e-10,0.00029815911916298063,0
2021-07-30 15:06:36.467000+00:00,Gregg Davis,544534,342,1,,3.6950364269566276e-10,0.0002971819056964162,0
2021-07-30 15:06:36.556009+00:00,Gregg Davis,544534,342,1,,3.665941262353034e-10,0.0002961860044822839,0
2021-07-30 15:06:36.645066+00:00,Gregg Davis,544534,342,1,,3.6401398899687167e-10,0.00029503592935071755,0
2021-07-30 15:06:36.733917+00:00,Gregg Davis,544534,342,1,,3.610861736908495e-10,0.0002940649451333424,0
2021-07-30 15:06:36.823313+00:00,Gregg Davis,544534,342,1,,3.581652204519511e-10,0.0002933579253503618,0
2021-07-30 15:06:36.912371+00:00,Gregg Davis,544534,342,1,,3.5545862825363393e-10,0.00029226313480535017,0
2021-07-30 15:06:37.001356+00:00,Gregg Davis,544534,342,1,,3.529008771030313e-10,0.0002912524391243934,0
2021-07-30 15:06:37.091838+00:00,Gregg Davis,544534,342,1,,3.500251460114056e-10,0.0002903538699288433,0
2021-07-30 15:06:37.184471+00:00,Gregg Davis,544534,342,1,,3.470003618224254e-10,0.0002895588620010645,0
2021-07-30 15:06:37.273236+00:00,Gregg Davis,544534,342,1,,3.4519383828248914e-10,0.0002884484983330797,0
2021-07-30 15:06:37.363265+00:00,Gregg Davis,544534,342,1,,3.4258044064220753e-10,0.00028769709514962576,0
2021-07-30 15:06:37.453960+00:00,Gregg Davis,544534,342,1,,3.3972657067152714e-10,0.0002868164350454947,0
